group,test,speaker,vowel,f1,f2
LV,pre,C01-LV,had,1.31943724728299,0.345719757507269
LV,pre,C01-LV,hard,1.2930963947964,-0.780811411849443
LV,pre,C01-LV,head,0.535796885806841,0.77429139802341
LV,pre,C01-LV,heard,-0.517837213656891,-0.334747051312236
LV,pre,C01-LV,heed,-1.71634600179689,2.23843206378671
LV,pre,C01-LV,hid,-0.149065278844585,0.947469326231973
LV,pre,C01-LV,hoard,-0.155650491966233,-0.891015547982165
LV,pre,C01-LV,hod,0.173610164116183,-0.819295395895791
LV,pre,C01-LV,hood,-0.12930963947964,-0.429207739425997
LV,pre,C01-LV,hud,0.851887115645961,-0.051364986970951
LV,pre,C01-LV,whod,-1.50561918190414,-0.999470412112781
LV,pre,C010-LV,had,1.31041951115196,0.0767213080120784
LV,pre,C010-LV,hard,1.31572485330238,-0.805272866252268
LV,pre,C010-LV,head,-0.366068608378484,-1.2785380329307
LV,pre,C010-LV,heard,0.742747901057793,0.0618283482214984
LV,pre,C010-LV,heed,-1.14595390448917,2.20145023813482
LV,pre,C010-LV,hid,-0.854160086216462,1.4203972357844
LV,pre,C010-LV,hoard,-0.100801500857843,-0.750665347020141
LV,pre,C010-LV,hod,-0.100801500857843,-0.207899701319005
LV,pre,C010-LV,hood,-0.541144899342106,-0.0837917030641722
LV,pre,C010-LV,hud,1.18839664169247,-0.197971061458619
LV,pre,C010-LV,whod,-1.4483584070627,-0.436258418107898
LV,pre,C011-LV,had,1.41150170204955,0.274158218834645
LV,pre,C011-LV,hard,1.40341075951565,-0.481486486366061
LV,pre,C011-LV,head,-0.582915632555637,-0.736217393775348
LV,pre,C011-LV,heard,0.250451448435576,-0.568676260043065
LV,pre,C011-LV,heed,-0.845871264907234,2.05043615707793
LV,pre,C011-LV,hid,-0.821598437305548,1.06741419895484
LV,pre,C011-LV,hoard,0.104814482825461,-1.40638192870448
LV,pre,C011-LV,hod,0.327315402507582,-0.861018442371845
LV,pre,C011-LV,hood,-0.971280874182611,0.37331521634967
LV,pre,C011-LV,hud,1.11618229956237,-0.396006316094488
LV,pre,C011-LV,whod,-1.39200988594517,0.684463036138195
LV,pre,C012-LV,had,0.675570962839651,0.603691797752735
LV,pre,C012-LV,hard,1.0192139959604,-0.462386487249338
LV,pre,C012-LV,head,-0.455587354516142,1.6225696701364
LV,pre,C012-LV,heard,0.611137894129511,0.493014968164734
LV,pre,C012-LV,heed,-1.23594340889451,-0.123845596744862
LV,pre,C012-LV,hid,-0.333880446952544,1.48096843228116
LV,pre,C012-LV,hoard,0.682730192696333,-1.22247589044929
LV,pre,C012-LV,hod,-0.455587354516142,-1.32664231829682
LV,pre,C012-LV,hood,-0.0976258616820304,-0.41193087376069
LV,pre,C012-LV,hud,1.45592701721801,0.26515090724826
LV,pre,C012-LV,whod,-1.86595563628254,-0.918114609082285
LV,pre,C013-LV,had,1.42782836750109,0.612212834618502
LV,pre,C013-LV,hard,1.41537966575009,-0.0865735960374791
LV,pre,C013-LV,head,-0.356485550142279,0.84443149602552
LV,pre,C013-LV,heard,1.52326841425876,0.377863726776557
LV,pre,C013-LV,heed,-1.27353991246596,1.70726230217086
LV,pre,C013-LV,hid,-0.518318672905283,1.01486721081966
LV,pre,C013-LV,hoard,-0.460224731400615,-0.866316991220678
LV,pre,C013-LV,hod,-0.518318672905283,-0.702272615731316
LV,pre,C013-LV,hood,-0.335737713890612,-0.600011186854831
LV,pre,C013-LV,hud,0.104116414644729,-1.68227797579763
LV,pre,C013-LV,whod,-1.00796760844463,-0.619185204769172
LV,pre,C014-LV,had,0.913570210827713,-0.590779824011947
LV,pre,C014-LV,hard,0.822780624658499,-0.172299961860188
LV,pre,C014-LV,head,0.459622279981645,-0.936418481488826
LV,pre,C014-LV,heard,1.23133376241996,-0.623629779061402
LV,pre,C014-LV,heed,-1.31077465031802,2.37999871959098
LV,pre,C014-LV,hid,-1.3164489994536,1.22310899828407
LV,pre,C014-LV,hoard,-0.0851152370336379,-0.686473171329926
LV,pre,C014-LV,hod,0.23264831455861,-0.64219714495892
LV,pre,C014-LV,hood,-0.312089202456672,0.319021104966451
LV,pre,C014-LV,hud,0.896547163420986,0.159056106464755
LV,pre,C014-LV,whod,-1.53207426660548,-0.429386566595057
LV,pre,C015-LV,had,0.906511583282342,-0.113269989049757
LV,pre,C015-LV,hard,0.980204903678505,-0.668180415536896
LV,pre,C015-LV,head,1.18746736729271,0.91609916640408
LV,pre,C015-LV,heard,1.10456238184703,0.680932665959716
LV,pre,C015-LV,heed,-0.120589069739175,1.65460449236094
LV,pre,C015-LV,hid,-1.24901803830542,1.35548920670802
LV,pre,C015-LV,hoard,0.409081670608244,-0.934289876566044
LV,pre,C015-LV,hod,0.137337551647394,-1.04362167063228
LV,pre,C015-LV,hood,-0.922003929047444,-0.758946433252265
LV,pre,C015-LV,hud,-1.12926639266165,-1.06012458294417
LV,pre,C015-LV,whod,-1.30428802860254,-0.028692563451346
LV,pre,C016-LV,had,1.02058288671478,0.767423168148053
LV,pre,C016-LV,hard,0.536818221534656,-1.18811296442457
LV,pre,C016-LV,head,0.114483990028197,0.912930929985475
LV,pre,C016-LV,heard,1.00522527829637,0.666008667473487
LV,pre,C016-LV,heed,-1.14483990028197,-1.08449380069186
LV,pre,C016-LV,hid,-1.47502848127793,0.921749582218046
LV,pre,C016-LV,hoard,-0.899118165587305,-1.59818029323912
LV,pre,C016-LV,hod,0.168235619492655,-1.024967898122
LV,pre,C016-LV,hood,0.421636158396531,0.449951687775497
LV,pre,C016-LV,hud,1.37380788033837,0.901907614694761
LV,pre,C016-LV,whod,-1.12180348765435,0.27578330618222
LV,pre,C017-LV,had,0.918615813639355,-0.575940454243143
LV,pre,C017-LV,hard,0.644165163144634,-0.58147834322625
LV,pre,C017-LV,head,-0.199146835648235,1.06327468475657
LV,pre,C017-LV,heard,1.36771687808526,-1.07573493496856
LV,pre,C017-LV,heed,-1.37678962686195,1.91195617141774
LV,pre,C017-LV,hid,-0.473597486142956,1.3180175779795
LV,pre,C017-LV,hoard,-0.443657415179895,-0.631319344074215
LV,pre,C017-LV,hod,-0.214116871129765,-0.739308179244804
LV,pre,C017-LV,hood,-0.493557533451663,0.341964644706866
LV,pre,C017-LV,hud,1.58228738665386,-0.682544817167956
LV,pre,C017-LV,whod,-1.31191947310865,-0.34888700593575
LV,pre,C018-LV,had,1.43918359065648,-0.126958311665424
LV,pre,C018-LV,hard,0.534972844442855,-0.669577349603868
LV,pre,C018-LV,head,-0.0222164802509489,-0.0231905275178329
LV,pre,C018-LV,heard,-0.662495441083303,-0.485821898509176
LV,pre,C018-LV,heed,-1.02417973956875,2.57316590500835
LV,pre,C018-LV,hid,-0.897101472533326,0.873968439591547
LV,pre,C018-LV,hoard,1.47828459589816,-0.704166610986399
LV,pre,C018-LV,hod,0.0608731558876008,-0.60904614218444
LV,pre,C018-LV,hood,-0.926427226464579,0.419984383945837
LV,pre,C018-LV,hud,1.08238691782624,-0.410157889234891
LV,pre,C018-LV,whod,-1.06328074481043,-0.838199998843704
LV,pre,C019-LV,had,1.76271029200271,-0.259676225863262
LV,pre,C019-LV,hard,0.605643616169496,-1.09772222751288
LV,pre,C019-LV,head,0.35514464511282,0.752049329448148
LV,pre,C019-LV,heard,0.468465608209887,0.0741932073895034
LV,pre,C019-LV,heed,-1.27906292797121,0.993177253464034
LV,pre,C019-LV,hid,-1.09417083028652,1.09940843677173
LV,pre,C019-LV,hoard,-0.104103468491086,-1.51084349593171
LV,pre,C019-LV,hod,0.361108906328455,-1.0370186941942
LV,pre,C019-LV,hood,-0.402316529272844,0.311948712887685
LV,pre,C019-LV,hud,0.850178326010536,-0.730128609083068
LV,pre,C019-LV,whod,-1.52359763781225,1.40461231262401
LV,pre,C02-LV,had,1.46703241269607,-0.41435902079317
LV,pre,C02-LV,hard,1.12833064605318,-0.542776072691879
LV,pre,C02-LV,head,-0.422566916995857,1.56497580580561
LV,pre,C02-LV,heard,0.424187499611373,-0.676329806666537
LV,pre,C02-LV,heed,-1.6926985419067,1.99474487282662
LV,pre,C02-LV,hid,-0.645397026629339,0.924602773670709
LV,pre,C02-LV,hoard,0.138964959280516,-0.739682218936567
LV,pre,C02-LV,hod,0.384078079877346,-0.725984400067371
LV,pre,C02-LV,hood,-0.14180097885767,-0.650646396286795
LV,pre,C02-LV,hud,0.807455288180961,-0.481135887780499
LV,pre,C02-LV,whod,-1.44758542130987,-0.25340964908012
LV,pre,C020-LV,had,1.26077935070794,-1.27350822663211
LV,pre,C020-LV,hard,0.475894567909937,-0.608580496614772
LV,pre,C020-LV,head,0.196066080129779,0.836551378925421
LV,pre,C020-LV,heard,0.230191505468822,-0.229337796328501
LV,pre,C020-LV,heed,-1.91971029089093,2.01938764237335
LV,pre,C020-LV,hid,-0.602468872803844,1.120565735968
LV,pre,C020-LV,hoard,0.161940654790735,-0.835791982248836
LV,pre,C020-LV,hod,0.769373225825713,-0.782330456217292
LV,pre,C020-LV,hood,0.0595643787736037,-0.362991611407363
LV,pre,C020-LV,hud,0.953650522656549,-0.428147846258308
LV,pre,C020-LV,whod,-1.5852811225683,0.544183658440411
LV,pre,C021-LV,had,0.911699384666469,-0.63625806959924
LV,pre,C021-LV,hard,0.601983325760635,-0.581840211125866
LV,pre,C021-LV,head,-0.039259782114824,1.28767653965294
LV,pre,C021-LV,heard,0.85935300851337,-0.157029832075659
LV,pre,C021-LV,heed,-1.36536797799332,1.18761789665351
LV,pre,C021-LV,hid,-0.484203979416163,1.44741928549413
LV,pre,C021-LV,hoard,-1.33047039389126,-1.19096914306976
LV,pre,C021-LV,hod,-0.239920890701702,-0.759137104861696
LV,pre,C021-LV,hood,0.571447939671327,0.703123414761537
LV,pre,C021-LV,hud,1.61401326472054,-0.0446832855499843
LV,pre,C021-LV,whod,-1.09927389921507,-1.25591949027991
LV,pre,C022-LV,had,1.1434494921768,-0.189555884713799
LV,pre,C022-LV,hard,1.00017294206973,-0.672909870342779
LV,pre,C022-LV,head,0.804795828287368,0.0915330484673621
LV,pre,C022-LV,heard,0.466142164397931,-0.174683454386753
LV,pre,C022-LV,heed,-1.28356843236416,1.72452589837696
LV,pre,C022-LV,hid,-1.34435242331867,1.81822220943735
LV,pre,C022-LV,hoard,-0.219848590660159,-1.27226881252271
LV,pre,C022-LV,hod,0.331549041570078,-1.07595273220571
LV,pre,C022-LV,hood,-0.884130777520207,0.409803057466137
LV,pre,C022-LV,hud,1.09569064214111,-0.45428514453521
LV,pre,C022-LV,whod,-1.10989988677983,-0.204428315040844
LV,pre,C023-LV,had,1.81060808201768,0.168733487403614
LV,pre,C023-LV,hard,0.7487891763409,-0.673154060506822
LV,pre,C023-LV,head,-0.813601499154937,1.14179886254661
LV,pre,C023-LV,heard,0.0813601499154939,-0.868941862346458
LV,pre,C023-LV,heed,-1.05630296330963,1.60581595290654
LV,pre,C023-LV,hid,-1.14731601236764,1.60385807488815
LV,pre,C023-LV,hoard,-0.358536253864888,-0.945299105063916
LV,pre,C023-LV,hod,0.688113810302227,-0.679027694562011
LV,pre,C023-LV,hood,0.506087712186207,-0.508692306961527
LV,pre,C023-LV,hud,0.794295700869905,-0.0113912902888514
LV,pre,C023-LV,whod,-1.25349790293532,-0.833700058015323
LV,pre,C024-LV,had,1.42522386648002,0.0188103432638293
LV,pre,C024-LV,hard,0.940505318511016,-0.305996165419733
LV,pre,C024-LV,head,0.108160337150108,-0.63441163531089
LV,pre,C024-LV,heard,-0.0827893938679833,-0.776364109476298
LV,pre,C024-LV,heed,-1.20400704523062,1.82930588240739
LV,pre,C024-LV,hid,-1.33130686590935,2.0446405677939
LV,pre,C024-LV,hoard,0.108160337150108,-0.339679803357287
LV,pre,C024-LV,hod,-0.0876855408171651,-0.455166562000331
LV,pre,C024-LV,hood,-0.0240356304778015,-0.735462549123553
LV,pre,C024-LV,hud,1.45460074817511,0.065726838962566
LV,pre,C024-LV,whod,-1.30682613116344,-0.711402807739586
LV,pre,C03-LV,had,1.67570498645751,-0.365356797206115
LV,pre,C03-LV,hard,0.996803110256929,-0.863546604166242
LV,pre,C03-LV,head,-0.425477356643739,0.956371262075855
LV,pre,C03-LV,heard,0.974046622786519,-0.201230126108464
LV,pre,C03-LV,heed,-1.16885594734382,2.01084881266784
LV,pre,C03-LV,hid,-0.804752147817251,0.966538400993409
LV,pre,C03-LV,hoard,-0.368586137967712,-1.08286631510204
LV,pre,C03-LV,hod,-0.342036902585567,-0.828687842163201
LV,pre,C03-LV,hood,-0.296523927644745,0.629570368297346
LV,pre,C03-LV,hud,1.03852333728602,-0.305806412117587
LV,pre,C03-LV,whod,-1.27884563678414,-0.915834747170803
LV,pre,C04-LV,had,1.89190368351452,-0.059434322554334
LV,pre,C04-LV,hard,0.947558651486037,-0.406180825867819
LV,pre,C04-LV,head,0.811209368786738,1.56889947714688
LV,pre,C04-LV,heard,0.0638133006572476,-1.24173297261882
LV,pre,C04-LV,heed,-1.04718085467037,0.721127189309944
LV,pre,C04-LV,hid,-0.0220362477089777,1.83927009867325
LV,pre,C04-LV,hoard,-0.309884733407498,-0.616978259600247
LV,pre,C04-LV,hod,0.296112078589387,-0.52990975436294
LV,pre,C04-LV,hood,-0.0119363008423629,0.0245791474114884
LV,pre,C04-LV,hud,-1.58247803860095,-1.1073114206735
LV,pre,C04-LV,whod,-1.03708090780376,-0.192328356863908
LV,pre,C05-LV,had,1.55481100211947,-0.255896184916201
LV,pre,C05-LV,hard,1.03654066807965,-0.566022024913981
LV,pre,C05-LV,head,-0.0467292924134267,1.96582499670724
LV,pre,C05-LV,heard,0.887856555855108,-0.344019374423767
LV,pre,C05-LV,heed,-1.64826958694633,1.18796838163084
LV,pre,C05-LV,hid,-0.539510921500473,0.965965731140627
LV,pre,C05-LV,hoard,-0.276127636988431,-0.996469912124015
LV,pre,C05-LV,hod,-0.471541041626397,-1.33879460982648
LV,pre,C05-LV,hood,-0.683946916232883,0.189803792785527
LV,pre,C05-LV,hud,1.07477372550882,-0.140658167867846
LV,pre,C05-LV,whod,-0.887856555855108,-0.667702628191942
LV,pre,C06-LV,had,0.638141623696374,-0.364847343102286
LV,pre,C06-LV,hard,2.21724419846287,-0.710990208421886
LV,pre,C06-LV,head,0.101842636039829,0.939844995410051
LV,pre,C06-LV,heard,0.16739029008674,-0.214771415481201
LV,pre,C06-LV,heed,-1.2746580989453,2.22759327757807
LV,pre,C06-LV,hid,-0.940960951070119,0.596122709568211
LV,pre,C06-LV,hoard,0.292526720539934,-1.00630090470854
LV,pre,C06-LV,hod,0.101842636039829,-0.367267922580046
LV,pre,C06-LV,hood,-0.529798393866768,0.0999039166275258
LV,pre,C06-LV,hud,0.465334172118154,0.187044777826866
LV,pre,C06-LV,whod,-1.23890483310153,-1.38633188271677
LV,pre,C07-LV,had,1.02144496483635,-0.31071733514436
LV,pre,C07-LV,hard,0.862392867177302,-0.497394582177466
LV,pre,C07-LV,head,-1.38705822828637,-1.10833829974036
LV,pre,C07-LV,heard,1.08203624013503,0.196705363609265
LV,pre,C07-LV,heed,-1.16362790062247,2.20094017039198
LV,pre,C07-LV,hid,0.0254758771142198,1.2726451328728
LV,pre,C07-LV,hoard,-0.519845600573942,-1.08627644327281
LV,pre,C07-LV,hod,-0.126002311132492,-0.762136859788052
LV,pre,C07-LV,hood,-0.0123936699474581,0.334167700060916
LV,pre,C07-LV,hud,1.42286216369013,-0.010336674009271
LV,pre,C07-LV,whod,-1.20528440239031,-0.229258172802641
LV,pre,C08-LV,had,2.15560816177416,-0.187947764254184
LV,pre,C08-LV,hard,1.34165675109521,-0.768829920073692
LV,pre,C08-LV,head,-0.179147200436516,-0.983441553997155
LV,pre,C08-LV,heard,0.00292087826798645,-0.395405677046866
LV,pre,C08-LV,heed,-0.902064571763217,1.74927991796161
LV,pre,C08-LV,hid,-0.896709628271908,1.57472912237053
LV,pre,C08-LV,hoard,0.463446018520552,-0.854674573643077
LV,pre,C08-LV,hod,-0.725351436550024,-0.906181365784708
LV,pre,C08-LV,hood,-0.398699883580181,1.05393822404959
LV,pre,C08-LV,hud,0.1314395220594,-0.205116694968061
LV,pre,C08-LV,whod,-0.993098611115468,-0.0763497146139834
LV,pre,C09-LV,had,1.0981057168838,-0.522711800529166
LV,pre,C09-LV,hard,1.35340505678095,-0.972719747900935
LV,pre,C09-LV,head,-0.794112920000925,1.52433522093916
LV,pre,C09-LV,heard,1.14816441098128,-0.593636966147542
LV,pre,C09-LV,heed,-0.348590542533357,0.993619326484407
LV,pre,C09-LV,hid,-0.153361635553187,1.14769813455192
LV,pre,C09-LV,hoard,-1.88038658191623,-1.36403100648508
LV,pre,C09-LV,hod,-0.0482383779484802,-0.884674714719502
LV,pre,C09-LV,hood,0.0218437937879911,0.700135882546296
LV,pre,C09-LV,hud,0.592512906499257,-0.591191270781391
LV,pre,C09-LV,whod,-0.989341826981095,0.563176942041844
LV,post,C01-LV,had,2.00176193856143,-0.0135317393564864
LV,post,C01-LV,hard,1.44082600480449,-0.928146893451536
LV,post,C01-LV,head,-0.406029097848077,0.877769695124376
LV,post,C01-LV,heard,-0.120269282537937,0.142490845753846
LV,post,C01-LV,heed,-0.877003608266639,1.95558088651874
LV,post,C01-LV,hid,-0.903462850424986,1.02482546499848
LV,post,C01-LV,hoard,-0.622994883546516,-1.41056155316049
LV,post,C01-LV,hod,-0.146728524696284,-0.888692906412142
LV,post,C01-LV,hood,-0.0832263435162528,-0.443938870695333
LV,post,C01-LV,hud,0.779344950845834,0.314653698289384
LV,post,C01-LV,whod,-1.06221830337506,-0.630448627608834
LV,post,C010-LV,had,1.56433357515191,-0.132410701305999
LV,post,C010-LV,hard,1.7095459745331,-0.41758959676005
LV,post,C010-LV,head,0.142462164544425,1.25903263423155
LV,post,C010-LV,heard,0.311876630489147,-1.51237032293265
LV,post,C010-LV,heed,-1.25520717949953,1.6494789072022
LV,post,C010-LV,hid,-1.02528754714598,-0.312322219243454
LV,post,C010-LV,hoard,-0.117710051013541,-1.14297752546532
LV,post,C010-LV,hod,0.0759064814947129,-0.926700913476679
LV,post,C010-LV,hood,-0.674357581974771,0.198703049791657
LV,post,C010-LV,hud,0.390533346820625,0.571923751895952
LV,post,C010-LV,whod,-1.12209581340011,0.765232936062792
LV,post,C011-LV,had,1.5267158731309,-0.407108071971218
LV,post,C011-LV,hard,1.59881321688208,-0.826496499673592
LV,post,C011-LV,head,-0.169974949813372,0.398683176760309
LV,post,C011-LV,heard,-0.160361970646549,-0.438522935469523
LV,post,C011-LV,heed,-0.804431574823696,1.7668004821115
LV,post,C011-LV,hid,-1.02072360607721,1.53904272174879
LV,post,C011-LV,hoard,-0.573720074819941,-1.51919423981122
LV,post,C011-LV,hod,1.26716543562668,-0.710261504729863
LV,post,C011-LV,hood,-0.94381977274263,0.5007814831298
LV,post,C011-LV,hud,0.0174781439396783,-0.468367055792913
LV,post,C011-LV,whod,-0.737140720655934,0.164642443697935
LV,post,C012-LV,had,1.0634702063105,-0.510050727004252
LV,post,C012-LV,hard,0.322888240934065,-0.63362373886946
LV,post,C012-LV,head,-0.563794928496219,1.57181126455822
LV,post,C012-LV,heard,0.705774155006234,1.30063715518735
LV,post,C012-LV,heed,-1.66711091773049,-0.276635037925524
LV,post,C012-LV,hid,0.86195130416725,1.60442080935599
LV,post,C012-LV,hoard,0.0508377230406828,-0.85674167695942
LV,post,C012-LV,hod,0.725926045220558,-0.283500205251369
LV,post,C012-LV,hood,-1.33460472919414,-1.13306466182468
LV,post,C012-LV,hud,0.942558865024548,-0.637056322532383
LV,post,C012-LV,whod,-1.10789596428298,-0.14619685873447
LV,post,C013-LV,had,2.08030820297261,-0.0570345161353155
LV,post,C013-LV,hard,0.999663099450143,-0.876584545286922
LV,post,C013-LV,head,0.366852903693745,1.01874264856714
LV,post,C013-LV,heard,-0.723527741301896,-0.330217859185851
LV,post,C013-LV,heed,-1.59485870315109,2.05683935215917
LV,post,C013-LV,hid,-0.577494619204266,1.19772483884163
LV,post,C013-LV,hoard,0.0650511180253082,-0.901076845008694
LV,post,C013-LV,hod,0.366852903693745,-0.447027288628149
LV,post,C013-LV,hood,-0.621304555833555,-0.317029697797204
LV,post,C013-LV,hud,0.342514050010806,-0.224712568076679
LV,post,C013-LV,whod,-0.704056658355546,-1.11962351944912
LV,post,C014-LV,had,1.17090593110649,-0.781751467527473
LV,post,C014-LV,hard,0.477920788206731,-0.288546563869992
LV,post,C014-LV,head,-0.10155816749393,0.758320618732015
LV,post,C014-LV,heard,-0.531686876879988,-1.15722358773123
LV,post,C014-LV,heed,-1.5831126109348,2.50840253493598
LV,post,C014-LV,hid,-1.46363241388311,-0.485828525332984
LV,post,C014-LV,hoard,0.890127468035036,-0.686292453916348
LV,post,C014-LV,hod,0.669089103489423,-0.15013099413386
LV,post,C014-LV,hood,-0.137402226609435,0.214204241148601
LV,post,C014-LV,hud,1.30830815771593,-0.366504758319078
LV,post,C014-LV,whod,-0.698959152752344,0.435350956014375
LV,post,C015-LV,had,1.69623322106664,-0.205264573808797
LV,post,C015-LV,hard,0.376585781031953,-0.814106843214828
LV,post,C015-LV,head,0.396107192866786,0.355966807231359
LV,post,C015-LV,heard,0.767014017728606,0.409348712368854
LV,post,C015-LV,heed,-1.27882994256185,1.869415955589
LV,post,C015-LV,hid,-1.18512716575466,1.55778104992146
LV,post,C015-LV,hoard,-0.82202890562677,-1.3796664868337
LV,post,C015-LV,hod,0.20089307451846,-0.837190910301312
LV,post,C015-LV,hood,-0.583867681241812,-0.649632865223625
LV,post,C015-LV,hud,1.22771933703066,-0.208150082194608
LV,post,C015-LV,whod,-0.794698929058004,-0.0985007635338062
LV,post,C016-LV,had,1.61992607275543,-0.257442935357893
LV,post,C016-LV,hard,1.37873823981537,-1.00116697083625
LV,post,C016-LV,head,0.333590963741773,-0.239054154260901
LV,post,C016-LV,heard,0.52309568962325,-0.138937457177276
LV,post,C016-LV,heed,-1.07333806174192,2.14740099254878
LV,post,C016-LV,hid,-0.860863066056626,0.986864585538591
LV,post,C016-LV,hoard,-0.671358340175149,-1.65294710082965
LV,post,C016-LV,hod,0.752798387661404,-0.582311401404759
LV,post,C016-LV,hood,-0.435913074686042,0.140980655076942
LV,post,C016-LV,hud,-0.166012404491211,0.314652476548536
LV,post,C016-LV,whod,-1.40066440644629,0.281961310153883
LV,post,C017-LV,had,1.90187240070344,-0.0367010431188034
LV,post,C017-LV,hard,0.823321385585907,-1.00029221636146
LV,post,C017-LV,head,-0.34991158887401,1.06146062155947
LV,post,C017-LV,heard,1.09090083590133,-0.144689709085653
LV,post,C017-LV,heed,-1.15264993982027,2.00843815388415
LV,post,C017-LV,hid,-0.786271923234541,0.398576348932192
LV,post,C017-LV,hoard,-0.382844444297447,-1.3358877629046
LV,post,C017-LV,hod,0.502226045207403,-1.1880263587346
LV,post,C017-LV,hood,-0.646307287684937,0.0546739819300696
LV,post,C017-LV,hud,0.251113022603702,0.561390029928365
LV,post,C017-LV,whod,-1.25144850609058,-0.378942046029128
LV,post,C018-LV,had,1.42470858760729,-0.0844149821508992
LV,post,C018-LV,hard,1.26324773028669,-0.190358617467799
LV,post,C018-LV,head,-0.48254778949223,-1.52556002138815
LV,post,C018-LV,heard,0.339893452484546,-0.316556183065872
LV,post,C018-LV,heed,-0.825652111298493,1.32401216970907
LV,post,C018-LV,hid,-0.992158620410355,0.563710786846608
LV,post,C018-LV,hoard,-0.134397815894699,-1.05971962492119
LV,post,C018-LV,hod,-0.109169556938356,-0.919500107589995
LV,post,C018-LV,hood,-0.331178235754173,0.788062014576514
LV,post,C018-LV,hud,1.3742520696946,-0.254236397585342
LV,post,C018-LV,whod,-1.52699771028482,1.67456096303705
LV,post,C019-LV,had,2.18749076296564,0.137921832744526
LV,post,C019-LV,hard,1.06489617920171,-0.468934231331388
LV,post,C019-LV,head,0.354845188057731,0.540584189725714
LV,post,C019-LV,heard,-0.66858026286487,0.128380070730754
LV,post,C019-LV,heed,-0.950220600134268,1.9489482629585
LV,post,C019-LV,hid,-0.335371976517977,0.834470459749899
LV,post,C019-LV,hoard,-0.985921487957149,-1.68073800708046
LV,post,C019-LV,hod,0.255676055216393,-1.45746077595819
LV,post,C019-LV,hood,-0.533710242200651,0.0730378510508747
LV,post,C019-LV,hud,0.545249923113098,0.000520459746205719
LV,post,C019-LV,whod,-0.934353538879654,-0.0567301123364277
LV,post,C02-LV,had,1.22692191391967,-0.168283464668952
LV,post,C02-LV,hard,1.50401659737738,-0.926996011259899
LV,post,C02-LV,head,1.17802285213302,0.13028397264693
LV,post,C02-LV,heard,-0.2074505651555,-0.50724531997463
LV,post,C02-LV,heed,-1.34299544442334,2.47140393701205
LV,post,C02-LV,hid,-0.712740870284253,1.10677512057417
LV,post,C02-LV,hoard,0.134842867351075,-0.926996011259899
LV,post,C02-LV,hod,0.194608387312541,-0.46158206485573
LV,post,C02-LV,hood,-1.09850013549008,0.133796530733
LV,post,C02-LV,hud,0.210908074574759,-0.26312253299282
LV,post,C02-LV,whod,-1.08763367731526,-0.588034155954221
LV,post,C020-LV,had,1.79952952978365,0.0895151673788103
LV,post,C020-LV,hard,0.561046561424101,-0.631097417073793
LV,post,C020-LV,head,0.430404898095034,-0.522068562688529
LV,post,C020-LV,heard,0.414727898495546,0.16106535306914
LV,post,C020-LV,heed,-1.05891006385633,1.96004145042599
LV,post,C020-LV,hid,-0.677436406935451,1.46259730229323
LV,post,C020-LV,hoard,-1.06413573038949,-1.058694955366
LV,post,C020-LV,hod,-0.0242280902901178,-0.954776828530045
LV,post,C020-LV,hood,-0.499763744807921,-0.903669553036952
LV,post,C020-LV,hud,1.30831687566636,-0.240978547476521
LV,post,C020-LV,whod,-1.18955172718539,0.638066591004669
LV,post,C021-LV,had,0.267995647046311,-0.88345104878959
LV,post,C021-LV,hard,1.15113742064618,-0.8355077492365
LV,post,C021-LV,head,-0.0927242323113817,0.774224853939988
LV,post,C021-LV,heard,1.08272502973351,-0.0480753747584706
LV,post,C021-LV,heed,-1.29927003568022,1.54567612856699
LV,post,C021-LV,hid,-1.10025217120701,0.897715170970675
LV,post,C021-LV,hoard,-0.988304622440826,-1.08394121055706
LV,post,C021-LV,hod,0.945900247908182,-0.717828741242551
LV,post,C021-LV,hood,-0.577830276964831,-0.582715806138387
LV,post,C021-LV,hud,1.33771666858981,-0.595791251471048
LV,post,C021-LV,whod,-0.727093675319738,1.52969502871596
LV,post,C022-LV,had,1.41353803328355,0.241614004503409
LV,post,C022-LV,hard,1.45278881891746,-0.860556420625088
LV,post,C022-LV,head,-0.0723845657144839,1.41905460500653
LV,post,C022-LV,heard,-0.683575370585374,0.255951180765243
LV,post,C022-LV,heed,-1.221871859279,0.341974238336247
LV,post,C022-LV,hid,-0.711611646038167,1.72013530650505
LV,post,C022-LV,hoard,-0.12845711662007,-1.10070412301081
LV,post,C022-LV,hod,-0.0443482902616908,-0.968085242588844
LV,post,C022-LV,hood,-0.201351432797332,0.515812500510986
LV,post,C022-LV,hud,1.39110901292132,-0.331873045969955
LV,post,C022-LV,whod,-1.19383558382621,-1.23332300343277
LV,post,C023-LV,had,1.29720383598091,-0.387952053505702
LV,post,C023-LV,hard,0.998618371531558,-0.499497871662193
LV,post,C023-LV,head,0.113338661146643,0.720745775443662
LV,post,C023-LV,heard,0.810038078195126,0.323575059280399
LV,post,C023-LV,heed,-1.41101870998951,2.05929559332155
LV,post,C023-LV,hid,-1.10195656257703,1.28861539514943
LV,post,C023-LV,hoard,-0.00714319292941034,-0.999763965212516
LV,post,C023-LV,hod,0.092385295220373,-0.62625448320366
LV,post,C023-LV,hood,-0.970998025537838,-0.965962202134791
LV,post,C023-LV,hud,1.20291368931269,-0.0482443345745704
LV,post,C023-LV,whod,-1.02338144035351,-0.864556912901617
LV,post,C024-LV,had,1.49301648119755,-0.396563343289826
LV,post,C024-LV,hard,1.15735131169755,-0.601093707123394
LV,post,C024-LV,head,0.327342892570255,0.713265352266097
LV,post,C024-LV,heard,0.595875028170262,-0.654741015669904
LV,post,C024-LV,heed,-1.24112889945705,1.7543584337468
LV,post,C024-LV,hid,-1.00311177926614,1.64538733826171
LV,post,C024-LV,hoard,-0.0693523077479355,-0.921301080010375
LV,post,C024-LV,hod,-0.783403668320679,-1.0822430056499
LV,post,C024-LV,hood,0.235797846342981,-0.215503676945355
LV,post,C024-LV,hud,0.760656111379356,-0.696652975471865
LV,post,C024-LV,whod,-1.47304301656615,0.455087679886018
LV,post,C03-LV,had,0.889471947255515,-0.507835004720025
LV,post,C03-LV,hard,1.32375720609829,-0.985948948609006
LV,post,C03-LV,head,0.77877178323677,1.12115400568433
LV,post,C03-LV,heard,-0.558145582220389,0.0307518490679581
LV,post,C03-LV,heed,-1.03926552584032,1.91297116967438
LV,post,C03-LV,hid,-1.04352322445643,0.990759293714608
LV,post,C03-LV,hoard,-0.413383829272798,-1.45461400032627
LV,post,C03-LV,hod,0.446671291180533,-0.676025285376623
LV,post,C03-LV,hood,-0.975400046598738,0.249966147451839
LV,post,C03-LV,hud,1.49406515074251,-0.298069598507863
LV,post,C03-LV,whod,-0.903019170124942,-0.383109628053334
LV,post,C04-LV,had,1.49940833436857,0.287796794508723
LV,post,C04-LV,hard,0.109420099730287,-0.808668457809721
LV,post,C04-LV,head,0.75393978394804,1.34372728703721
LV,post,C04-LV,heard,-0.267196824180087,-0.247262034718762
LV,post,C04-LV,heed,-0.705936127292173,1.92337435203365
LV,post,C04-LV,hid,-0.717584073392494,0.727598938229799
LV,post,C04-LV,hoard,-0.329319203381799,-1.28292514735226
LV,post,C04-LV,hod,-0.240018283279339,-1.10862568025543
LV,post,C04-LV,hood,-0.624400504589927,-0.233074868792275
LV,post,C04-LV,hud,1.9032037991797,-0.470203213563547
LV,post,C04-LV,whod,-1.38151700111078,-0.131737969317373
LV,post,C05-LV,had,1.49757711240238,0.0310684267083729
LV,post,C05-LV,hard,0.927257071397432,-0.498428236205569
LV,post,C05-LV,head,0.505286174006487,0.839247543787548
LV,post,C05-LV,heard,-1.13314770101929,-1.54275406444581
LV,post,C05-LV,heed,-1.19908065373663,1.84543787829991
LV,post,C05-LV,hid,-0.839746061427151,1.16486599023324
LV,post,C05-LV,hoard,0.327267201669682,-1.01912440056693
LV,post,C05-LV,hod,0.271224191859947,-0.648036711599536
LV,post,C05-LV,hood,-0.503488002568741,0.375754620018003
LV,post,C05-LV,hud,1.25032853971237,0.00320018129184965
LV,post,C05-LV,whod,-1.10347787229649,-0.551231227521087
LV,post,C06-LV,had,1.34779739107923,-0.155530254671669
LV,post,C06-LV,hard,1.24205529374665,-0.685955778724163
LV,post,C06-LV,head,-0.128945692358539,0.859855748514534
LV,post,C06-LV,heard,-0.351368724678795,-0.335706543794262
LV,post,C06-LV,heed,-0.967589912582455,2.34504721586152
LV,post,C06-LV,hid,-0.719642925733645,0.782396783097344
LV,post,C06-LV,hoard,-0.209163835162566,-1.06146337194228
LV,post,C06-LV,hod,-0.0961291793932552,-0.527670066784689
LV,post,C06-LV,hood,-0.777983393227483,0.221661229098993
LV,post,C06-LV,hud,1.77441205962791,-0.568083440045831
LV,post,C06-LV,whod,-1.11344108131705,-0.874551520609494
LV,post,C07-LV,had,1.4987887664698,-0.453653966786526
LV,post,C07-LV,hard,1.3149224865683,-0.742644414186658
LV,post,C07-LV,head,0.421128070380454,0.808854805946376
LV,post,C07-LV,heard,0.0125363372660115,0.563650789970506
LV,post,C07-LV,heed,-1.58607881854424,1.86118870784282
LV,post,C07-LV,hid,-0.350088825873056,1.1182789213445
LV,post,C07-LV,hoard,-0.498203329127041,-1.38484540840917
LV,post,C07-LV,hod,-0.171329942635488,-1.13526274929088
LV,post,C07-LV,hood,0.00232154393815045,-0.326673315656165
LV,post,C07-LV,hud,0.845041993486688,-0.466789896213804
LV,post,C07-LV,whod,-1.48903828192956,0.157896525439007
LV,post,C08-LV,had,1.50252795782556,-0.0315967130157524
LV,post,C08-LV,hard,1.09307774091962,-0.64586753306852
LV,post,C08-LV,head,0.738553772623018,-1.31927247921674
LV,post,C08-LV,heard,-0.0104405265951627,0.0818442635755249
LV,post,C08-LV,heed,-1.44351628576595,1.70984295955035
LV,post,C08-LV,hid,-1.09398561279746,1.6688111169535
LV,post,C08-LV,hoard,-0.130279614470072,-0.795513076657013
LV,post,C08-LV,hod,0.00453935938920094,-0.705001659163973
LV,post,C08-LV,hood,-0.130279614470072,-0.555356115575479
LV,post,C08-LV,hud,0.863386155826048,-0.210205910202019
LV,post,C08-LV,whod,-1.39358333248474,0.802315146820127
LV,post,C09-LV,had,0.568284530819111,-0.992551950867229
LV,post,C09-LV,hard,0.246708215386967,-0.612652796328212
LV,post,C09-LV,head,0.607501154652299,-0.400830237433729
LV,post,C09-LV,heard,0.223178241087054,0.646770461446592
LV,post,C09-LV,heed,-1.58862978000625,1.52399214556396
LV,post,C09-LV,hid,-0.247421244911206,1.42959296170881
LV,post,C09-LV,hoard,-0.498407637443611,-0.967225340564628
LV,post,C09-LV,hod,0.332984787819981,-0.9511084067357
LV,post,C09-LV,hood,0.199648266787141,1.20625830722224
LV,post,C09-LV,hud,1.83890314301441,-0.370898788894291
LV,post,C09-LV,whod,-1.6827496772059,-0.511346355117807
HV,pre,C01-HV,had,1.82771200342899,-0.318033256205562
HV,pre,C01-HV,hard,0.120872987000071,-0.979886248849568
HV,pre,C01-HV,head,0.120872987000071,0.95164391335641
HV,pre,C01-HV,heard,0.850608508516781,0.462382970948369
HV,pre,C01-HV,heed,-1.10359848130763,1.76657855055753
HV,pre,C01-HV,hid,-1.02320388995409,0.779051863120444
HV,pre,C01-HV,hoard,0.188899179683832,-0.838811007787127
HV,pre,C01-HV,hod,-0.175968581074523,-0.972382246665396
HV,pre,C01-HV,hood,-0.29965256777227,-0.867326216086982
HV,pre,C01-HV,hud,1.04231868789829,-0.910849428755182
HV,pre,C01-HV,whod,-1.54886083341952,0.927631106367058
HV,pre,C010-HV,had,2.28819926009585,-0.672676421148547
HV,pre,C010-HV,hard,0.242907526705513,-0.361013210796353
HV,pre,C010-HV,head,0.214421569415953,-0.47514340050279
HV,pre,C010-HV,heard,0.0549002085944228,-0.214692454762459
HV,pre,C010-HV,heed,-1.28963697547276,2.47760945626119
HV,pre,C010-HV,hid,-0.224262172843256,1.34801321967953
HV,pre,C010-HV,hoard,-0.178684641179961,-0.555619816321432
HV,pre,C010-HV,hod,0.100477740257717,-0.404909437606521
HV,pre,C010-HV,hood,-0.577488043233788,-0.737057553803461
HV,pre,C010-HV,hud,0.772746332291311,0.0121047170900767
HV,pre,C010-HV,whod,-1.403580804631,-0.416615098089233
HV,pre,C011-HV,had,1.15621761347905,-0.068599046989945
HV,pre,C011-HV,hard,1.39228027829551,-0.550773575832628
HV,pre,C011-HV,head,0.0421674935557318,0.865784362010283
HV,pre,C011-HV,heard,0.506009922668785,-0.776878015911401
HV,pre,C011-HV,heed,-1.52330070470082,1.67621895144926
HV,pre,C011-HV,hid,-0.529352642315708,1.21447554671008
HV,pre,C011-HV,hoard,-0.562484244395212,-1.14463824977446
HV,pre,C011-HV,hod,0.166411001353871,-0.808205739536773
HV,pre,C011-HV,hood,0.120855048494553,1.00607808085434
HV,pre,C011-HV,hud,0.88288189632314,-0.507187177745154
HV,pre,C011-HV,whod,-1.6516856627589,-0.90627513523359
HV,pre,C012-HV,had,1.93239103886825,0.238759118565315
HV,pre,C012-HV,hard,0.607896272287849,-0.788943174389735
HV,pre,C012-HV,head,-0.0819447519727777,0.0674754030728065
HV,pre,C012-HV,heard,-0.00376276922324002,-0.234573299516133
HV,pre,C012-HV,heed,-1.37884587758276,2.04000077180911
HV,pre,C012-HV,hid,-0.509646187014366,1.64033876899326
HV,pre,C012-HV,hoard,-0.643015451704754,-1.19781397911379
HV,pre,C012-HV,hod,0.492922768244411,-0.803677257442854
HV,pre,C012-HV,hood,0.193991657731473,-0.435325181114879
HV,pre,C012-HV,hud,0.888431622153837,-0.267724986385651
HV,pre,C012-HV,whod,-1.49841832178793,-0.258516184477451
HV,pre,C013-HV,had,1.47313567309161,0.359491160558771
HV,pre,C013-HV,hard,1.17485235893304,-0.45003580019347
HV,pre,C013-HV,head,-0.480787609542619,-0.547815742082083
HV,pre,C013-HV,heard,1.17820385684493,0.386778586202104
HV,pre,C013-HV,heed,-1.06394824621218,2.70848371802243
HV,pre,C013-HV,hid,-1.09076022950734,0.238971697300712
HV,pre,C013-HV,hoard,-0.102068345498592,-0.838881615610979
HV,pre,C013-HV,hod,0.414062332933092,-0.343160049757079
HV,pre,C013-HV,hood,-0.789125417436871,-0.547815742082083
HV,pre,C013-HV,hud,0.494498282818549,-0.138504357432074
HV,pre,C013-HV,whod,-1.20806265642363,-0.827511854926256
HV,pre,C014-HV,had,1.63542510759995,-0.656607396572887
HV,pre,C014-HV,hard,1.02375036263147,-0.392668053405989
HV,pre,C014-HV,head,-0.862783324481865,-0.599066117967781
HV,pre,C014-HV,heard,1.44226466182043,-0.680374446431517
HV,pre,C014-HV,heed,-0.811273872273993,2.08035602925258
HV,pre,C014-HV,hid,-0.470023751396837,1.74886822859273
HV,pre,C014-HV,hoard,-0.927170139741706,-0.493990739645414
HV,pre,C014-HV,hod,-0.225353853409442,-0.00488987150201502
HV,pre,C014-HV,hood,0.0708254967858248,-0.740417519758584
HV,pre,C014-HV,hud,0.360566165455108,0.305332674021164
HV,pre,C014-HV,whod,-1.23622685298894,-0.566542786582286
HV,pre,C015-HV,had,1.95742035615978,0.336572299328326
HV,pre,C015-HV,hard,0.694132671597644,-1.22347884687137
HV,pre,C015-HV,head,0.291614536810689,-0.808030443807318
HV,pre,C015-HV,heard,-0.0303999710188747,0.152870624504087
HV,pre,C015-HV,heed,-1.54758370983124,1.74400974644327
HV,pre,C015-HV,hid,-0.0489777310859649,0.000256925419334367
HV,pre,C015-HV,hoard,-0.0427851443969349,-0.994558298244238
HV,pre,C015-HV,hod,-0.240947918445897,-1.1019531235261
HV,pre,C015-HV,hood,-0.117096184665296,0.952679454892697
HV,pre,C015-HV,hud,0.706517844975704,-0.276708676623365
HV,pre,C015-HV,whod,-1.6218947500996,1.21834033848467
HV,pre,C017-HV,had,1.00571958465942,-0.13293067394271
HV,pre,C017-HV,hard,1.40237617919848,0.174387019714673
HV,pre,C017-HV,head,0.538425514380535,0.412310395449422
HV,pre,C017-HV,heard,1.25566757573882,-0.0519706363663024
HV,pre,C017-HV,heed,-1.23837868307523,1.48461783192061
HV,pre,C017-HV,hid,0.0711314441016488,1.08973111802752
HV,pre,C017-HV,hoard,-1.05363451575567,-1.19036789943048
HV,pre,C017-HV,hod,-0.608075053396732,-0.975575963003277
HV,pre,C017-HV,hood,-0.917793216255994,-1.33080878094057
HV,pre,C017-HV,hud,0.543859166360522,-0.767393009235372
HV,pre,C017-HV,whod,-0.999297995955799,1.28800059780648
HV,pre,C018-HV,had,1.24422521547243,0.24854268849823
HV,pre,C018-HV,hard,0.882779992246437,-0.399221693400282
HV,pre,C018-HV,head,1.1287117936167,0.40232847700651
HV,pre,C018-HV,heard,0.875327513417035,-0.121164560642887
HV,pre,C018-HV,heed,-1.22999775588903,1.9168854850426
HV,pre,C018-HV,hid,-1.02878082749518,1.69319706539419
HV,pre,C018-HV,hoard,-0.182924480358049,-0.848151924500211
HV,pre,C018-HV,hod,-0.0562323402582152,-0.961549526127528
HV,pre,C018-HV,hood,-1.1033056157892,-0.936695257277705
HV,pre,C018-HV,hud,0.648026909120274,-0.346406372094408
HV,pre,C018-HV,whod,-1.17783040408322,-0.647764381898513
HV,pre,C019-HV,had,1.7280183591002,-0.48836166335024
HV,pre,C019-HV,hard,0.919644561606668,-0.532829637295214
HV,pre,C019-HV,head,-0.646865113762162,0.603574141298584
HV,pre,C019-HV,heard,1.05208998605476,-0.131382650291971
HV,pre,C019-HV,heed,-1.14924430994459,1.50528583518279
HV,pre,C019-HV,hid,-0.59662719414392,1.40152722931119
HV,pre,C019-HV,hoard,-0.701670116982063,-1.48271496961981
HV,pre,C019-HV,hod,-0.523553856517385,-0.819401024940607
HV,pre,C019-HV,hood,-0.555523441728994,-0.65882223013931
HV,pre,C019-HV,hud,1.1799683269012,-0.5291239727998
HV,pre,C019-HV,whod,-0.706237200583721,1.13224894264439
HV,pre,C02-HV,had,1.72085781665167,0.258232114569217
HV,pre,C02-HV,hard,0.595376230773897,-1.25684887500345
HV,pre,C02-HV,head,0.0714451476928678,0.608829368354627
HV,pre,C02-HV,heard,-0.0352815544162309,-0.0136596332643668
HV,pre,C02-HV,heed,-1.14135828536507,1.92714659304773
HV,pre,C02-HV,hid,-1.09769736177499,1.21521951648347
HV,pre,C02-HV,hoard,-0.0449839818806944,-1.14773442357023
HV,pre,C02-HV,hod,0.770019925134241,-0.637937396382266
HV,pre,C02-HV,hood,-0.903648812485715,0.190259177610821
HV,pre,C02-HV,hud,1.2066291610351,-0.137084176688822
HV,pre,C02-HV,whod,-1.14135828536507,-1.00642226515673
HV,pre,C020-HV,had,1.85795570758726,-0.0374881734784784
HV,pre,C020-HV,hard,0.612609634119835,-0.749216994737519
HV,pre,C020-HV,head,-0.180721938607562,0.9170940631426
HV,pre,C020-HV,heard,1.77493263602277,-0.364498712975876
HV,pre,C020-HV,heed,-0.914092404093935,1.7117777639065
HV,pre,C020-HV,hid,-0.600449689294732,1.62521615051013
HV,pre,C020-HV,hoard,-0.27758218876614,-1.14475547817371
HV,pre,C020-HV,hod,-0.392892010383494,-0.956003071184403
HV,pre,C020-HV,hood,-0.895642832635159,-0.66265538134115
HV,pre,C020-HV,hud,-0.120760831366538,-0.461880528046792
HV,pre,C020-HV,whod,-0.8633560825823,0.122410362378705
HV,pre,C021-HV,had,1.39225065780986,-0.506949867058581
HV,pre,C021-HV,hard,0.552678041066822,-0.38837114779029
HV,pre,C021-HV,head,0.0584615361755306,1.40492893539043
HV,pre,C021-HV,heard,-1.74274921960297,-1.46045271925702
HV,pre,C021-HV,heed,-1.26044154615484,0.99558869901222
HV,pre,C021-HV,hid,0.615199406143432,1.47152794210275
HV,pre,C021-HV,hoard,-0.295826199258588,-0.854564194776582
HV,pre,C021-HV,hod,0.469316220964677,-0.926036299541031
HV,pre,C021-HV,hood,0.677720771220041,-0.602787462083637
HV,pre,C021-HV,hud,0.734287720575068,0.404319468688143
HV,pre,C021-HV,whod,-1.20089738893903,0.462796645313601
HV,pre,C023-HV,had,1.29571172805037,-0.140457099478145
HV,pre,C023-HV,hard,0.694790790041261,-0.107889053646366
HV,pre,C023-HV,head,-0.105026514773679,1.20655727612424
HV,pre,C023-HV,heard,0.652472414125127,-0.315021825136481
HV,pre,C023-HV,heed,-1.92894851675907,1.77063582993065
HV,pre,C023-HV,hid,-0.718642965557629,1.33813218128462
HV,pre,C023-HV,hoard,0.0854061768489256,-0.802239790779895
HV,pre,C023-HV,hod,0.402793996219934,-0.869981326109996
HV,pre,C023-HV,hood,0.529749123968337,-0.438780399297241
HV,pre,C023-HV,hud,0.618617713392219,-0.296783719470685
HV,pre,C023-HV,whod,-1.5269239455558,-1.3441720734207
HV,pre,C024-HV,had,0.639115709377649,0.263612556869557
HV,pre,C024-HV,hard,0.369938597545171,-0.844231602685343
HV,pre,C024-HV,head,-0.390090894687709,0.942386914946052
HV,pre,C024-HV,heard,2.01139118146479,-0.299101936872614
HV,pre,C024-HV,heed,-1.54069109820693,2.15749852487055
HV,pre,C024-HV,hid,-0.490372563801769,1.07954857279571
HV,pre,C024-HV,hoard,-0.0206321137411702,-0.830163740341789
HV,pre,C024-HV,hod,-0.0628559744207746,-0.7035529792498
HV,pre,C024-HV,hood,0.106039468297643,-0.44505600868699
HV,pre,C024-HV,hud,0.792177204341215,-0.372958214176275
HV,pre,C024-HV,whod,-1.41401951616812,-0.947982087469056
HV,pre,C03-HV,had,1.58531070648987,-0.157254284976414
HV,pre,C03-HV,hard,0.335928012486317,-1.00609372775361
HV,pre,C03-HV,head,0.452395890740886,0.560053280181251
HV,pre,C03-HV,heard,0.680037652783906,0.387226510750939
HV,pre,C03-HV,heed,-1.40579616686609,1.91207862687502
HV,pre,C03-HV,hid,0.214166139765632,1.16418225296862
HV,pre,C03-HV,hoard,-0.871102725788301,-1.40221880104963
HV,pre,C03-HV,hod,0.203578150833399,-1.04280029825208
HV,pre,C03-HV,hood,-0.442289174032844,0.192987575196518
HV,pre,C03-HV,hud,0.928855392691393,-0.629851380144257
HV,pre,C03-HV,whod,-1.68108387910416,0.021690246203643
HV,pre,C04-HV,had,1.49333054116117,-0.38280568986711
HV,pre,C04-HV,hard,1.37694213827518,-0.245039204040113
HV,pre,C04-HV,head,-0.00384755050862793,0.571576632238753
HV,pre,C04-HV,heard,0.329446512301257,-0.600436805159033
HV,pre,C04-HV,heed,-1.57509098946951,2.47235481350399
HV,pre,C04-HV,hid,-1.33702380174817,0.833133293736385
HV,pre,C04-HV,hoard,-0.146687863141436,-0.883956239759519
HV,pre,C04-HV,hod,0.0543466509343679,-0.724226980829668
HV,pre,C04-HV,hood,-0.0514609880528972,-0.0733302506905228
HV,pre,C04-HV,hud,0.784419359946497,0.0265005361406344
HV,pre,C04-HV,whod,-0.924374009697834,-0.993770105273792
HV,pre,C05-HV,had,1.19645949447521,-0.0254566166236075
HV,pre,C05-HV,hard,0.451914748082608,-0.600963562991668
HV,pre,C05-HV,head,0.763999372319028,0.776817245925301
HV,pre,C05-HV,heard,1.14741762495234,-0.250505601621267
HV,pre,C05-HV,heed,-1.13080013197352,2.11852149999532
HV,pre,C05-HV,hid,-0.377338682031308,1.15819796859309
HV,pre,C05-HV,hoard,-1.13525848374833,-1.37403259542638
HV,pre,C05-HV,hod,0.0194546259264262,-0.954857386728445
HV,pre,C05-HV,hood,-1.00596628227895,-0.267684913453149
HV,pre,C05-HV,hud,1.20537619802482,-0.0632511026537487
HV,pre,C05-HV,whod,-1.13525848374833,-0.516784935015444
HV,pre,C06-HV,had,1.65980279300597,0.0196523822395443
HV,pre,C06-HV,hard,1.09089589301037,-0.854520007306315
HV,pre,C06-HV,head,-0.21734993187404,0.696583709162241
HV,pre,C06-HV,heard,1.13650446305221,0.245296157880443
HV,pre,C06-HV,heed,-0.675836083347291,1.77588680383619
HV,pre,C06-HV,hid,-0.800659538198647,1.60547052572978
HV,pre,C06-HV,hoard,-0.925482993050003,-0.875033077819124
HV,pre,C06-HV,hod,-0.430990075754246,-0.677792015195961
HV,pre,C06-HV,hood,-1.11991952849154,-0.840318650797448
HV,pre,C06-HV,hud,0.942067927610673,-0.0671336853146475
HV,pre,C06-HV,whod,-0.659032925963454,-1.0280921424147
HV,pre,C07-HV,had,1.39234454737934,-0.0107608153518666
HV,pre,C07-HV,hard,0.884166231959353,-0.48818232312968
HV,pre,C07-HV,head,0.0388795290825376,1.07823369825703
HV,pre,C07-HV,heard,1.17095993472113,0.115499418110034
HV,pre,C07-HV,heed,-1.49571835411644,2.16328257957024
HV,pre,C07-HV,hid,-1.19886171441566,0.942109384055918
HV,pre,C07-HV,hoard,0.059005402960557,-1.0405708445255
HV,pre,C07-HV,hod,0.461522880520945,-0.827506700558539
HV,pre,C07-HV,hood,-0.0114351556125109,-0.590768762817475
HV,pre,C07-HV,hud,0.11435155612511,-0.638116350365687
HV,pre,C07-HV,whod,-1.41521485860436,-0.70321928324448
HV,pre,C08-HV,had,0.942696187789067,0.304449015119519
HV,pre,C08-HV,hard,0.991448693974679,-0.257956087501362
HV,pre,C08-HV,head,-0.0616054396345464,0.36180477629332
HV,pre,C08-HV,heard,1.57160351758347,-0.629175319542907
HV,pre,C08-HV,heed,-1.16828733004795,2.71498420000732
HV,pre,C08-HV,hid,-1.14391107695514,-0.575005989545428
HV,pre,C08-HV,hoard,-0.441874987882322,-0.52083665954795
HV,pre,C08-HV,hod,-0.368746228603904,-0.257956087501362
HV,pre,C08-HV,hood,-0.319993722418292,-0.385413334554253
HV,pre,C08-HV,hud,1.12795571129439,0.270991487768135
HV,pre,C08-HV,whod,-1.12928532509946,-1.02588600099503
HV,pre,C09-HV,had,1.68899416401529,-0.358167847170261
HV,pre,C09-HV,hard,0.281326328546105,-1.10934477178026
HV,pre,C09-HV,head,0.258530088295592,0.672784156503671
HV,pre,C09-HV,heard,1.45533270144753,-0.0381511471450814
HV,pre,C09-HV,heed,-1.37710014967872,1.50061178770653
HV,pre,C09-HV,hid,-0.687513882100702,0.85866211999135
HV,pre,C09-HV,hoard,-0.579231740910765,-1.70338774787491
HV,pre,C09-HV,hod,0.0248686257278325,-1.08060075680794
HV,pre,C09-HV,hood,-0.117607875837874,0.601882252905277
HV,pre,C09-HV,hud,0.452298130424953,-0.19720136332526
HV,pre,C09-HV,whod,-1.39989638992924,0.852913316996885
HV,post,C01-HV,had,1.96306884720396,0.124849706676968
HV,post,C01-HV,hard,0.338610807162936,-1.22920848849093
HV,post,C01-HV,head,-0.132385902671444,1.09699405192571
HV,post,C01-HV,heard,0.266519474025021,-0.253206427586434
HV,post,C01-HV,heed,-0.920584478312653,0.933041136556382
HV,post,C01-HV,hid,-0.862911411802321,1.91868748660025
HV,post,C01-HV,hoard,-0.713922656650629,-0.94180867213763
HV,post,C01-HV,hod,0.184815963135383,-0.824148344637285
HV,post,C01-HV,hood,-0.781207900912683,-0.295641299799673
HV,post,C01-HV,hud,1.54974520387992,0.391032086923648
HV,post,C01-HV,whod,-0.891747945057487,-0.92059123603101
HV,post,C010-HV,had,1.48407773664278,0.301093263556142
HV,post,C010-HV,hard,1.00528323439984,-0.298935993499956
HV,post,C010-HV,head,-0.079644733448536,-0.480300768937816
HV,post,C010-HV,heard,-0.482035857673988,-1.46000955588252
HV,post,C010-HV,heed,-1.34284725000439,2.54188048905942
HV,post,C010-HV,hid,0.159752517672936,0.51635799701977
HV,post,C010-HV,hoard,0.073162022586446,-0.659970546474388
HV,post,C010-HV,hod,0.414430444397906,-0.298935993499956
HV,post,C010-HV,hood,-1.11363711595191,0.0146386182384001
HV,post,C010-HV,hud,1.22430625138331,-0.395550873873396
HV,post,C010-HV,whod,-1.34284725000439,0.219733364294298
HV,post,C011-HV,had,1.35427384799407,-1.01611203778377
HV,post,C011-HV,hard,1.28137539964206,-0.205198392073013
HV,post,C011-HV,head,0.183610530341165,1.62897123544184
HV,post,C011-HV,heard,0.470916179728508,-0.688402605702722
HV,post,C011-HV,heed,-1.43730790948593,1.10396734935281
HV,post,C011-HV,hid,-0.0565255348184051,1.72761846244582
HV,post,C011-HV,hoard,-0.408153344516347,-0.547955706239416
HV,post,C011-HV,hod,-0.914154338959727,-0.54461173244267
HV,post,C011-HV,hood,-0.0179322386320456,-0.0764554008983152
HV,post,C011-HV,hud,1.01551047035825,-0.554643653832906
HV,post,C011-HV,whod,-1.47161306165159,-0.827177518267656
HV,post,C012-HV,had,1.45629536241179,0.00914893633602897
HV,post,C012-HV,hard,1.44757503090034,-0.601390081821633
HV,post,C012-HV,head,0.239809116564815,0.894765973663626
HV,post,C012-HV,heard,0.204927790519024,-0.55610284695829
HV,post,C012-HV,heed,-1.14672359375539,1.70322698122405
HV,post,C012-HV,hid,-0.94615596899209,1.67639010130503
HV,post,C012-HV,hoard,-0.954876300503538,-1.36791846450859
HV,post,C012-HV,hod,-0.191847293251852,-0.780861716280066
HV,post,C012-HV,hood,-0.052321989068687,-0.23741489791995
HV,post,C012-HV,hud,1.0944016046867,-0.425273057353077
HV,post,C012-HV,whod,-1.15108375951111,-0.314570927687127
HV,post,C013-HV,had,1.89673557580975,-0.320082054267083
HV,post,C013-HV,hard,0.891449687362826,0.00539377558947912
HV,post,C013-HV,head,0.331487810903353,-0.972728900594043
HV,post,C013-HV,heard,-0.435704051332461,-0.286178321990358
HV,post,C013-HV,heed,-1.45862653431355,2.526136270364
HV,post,C013-HV,hid,-0.431294902698922,0.266452514120263
HV,post,C013-HV,hoard,0.525490350779076,-0.540456314065797
HV,post,C013-HV,hod,-0.523887024003244,-1.20666465330345
HV,post,C013-HV,hood,-0.550341915804479,0.744495139222089
HV,post,C013-HV,hud,0.904677133263444,0.105409785805818
HV,post,C013-HV,whod,-1.1499861299658,-0.321777240880919
HV,post,C014-HV,had,2.22685043023035,0.641427862696331
HV,post,C014-HV,hard,0.699300469181469,-0.239200007633241
HV,post,C014-HV,head,0.986433920506447,1.45948078903368
HV,post,C014-HV,heard,0.0417648656472694,-0.439134584779123
HV,post,C014-HV,heed,-1.29053434850063,0.241558708404567
HV,post,C014-HV,hid,-0.578443389214683,1.95550168653301
HV,post,C014-HV,hoard,-0.00704782107797685,-0.23767378948709
HV,post,C014-HV,hod,-0.635870079479679,-0.787112322101727
HV,post,C014-HV,hood,-0.928746199831156,-1.37775874466246
HV,post,C014-HV,hud,0.0417648656472694,-0.533760109840533
HV,post,C014-HV,whod,-0.555472713108685,-0.683329488163407
HV,post,C015-HV,had,0.961808095657209,-0.712335518889804
HV,post,C015-HV,hard,1.41040471295988,-0.577030695738932
HV,post,C015-HV,head,0.88607100442429,-0.804822360030907
HV,post,C015-HV,heard,0.501559618164855,0.585905695646411
HV,post,C015-HV,heed,-1.56081963540848,2.08624778526874
HV,post,C015-HV,hid,-1.03065999677804,1.32408770549484
HV,post,C015-HV,hoard,0.472429967690656,-0.820236833554424
HV,post,C015-HV,hod,0.0413111406725014,-0.664379379038862
HV,post,C015-HV,hood,-0.343200245586933,0.613309204132664
HV,post,C015-HV,hud,0.14035195228478,-0.371504382092038
HV,post,C015-HV,whod,-1.47925661408072,-0.65924122119769
HV,post,C017-HV,had,1.82092210111889,0.112641317712517
HV,post,C017-HV,hard,0.794722005707667,-0.962733587318346
HV,post,C017-HV,head,0.44837947350638,0.85410985953745
HV,post,C017-HV,heard,0.429138221717419,-0.566628979985821
HV,post,C017-HV,heed,-1.12940317318837,1.63158791111989
HV,post,C017-HV,hid,-1.03961066483989,1.20274738582599
HV,post,C017-HV,hoard,-1.3282294416743,-1.05439415761017
HV,post,C017-HV,hod,0.499689478276941,-0.684478284646737
HV,post,C017-HV,hood,0.294449459194697,-0.648468774889235
HV,post,C017-HV,hud,0.275208207405736,-0.915266506274366
HV,post,C017-HV,whod,-1.06526566722517,1.03088381652883
HV,post,C018-HV,had,1.42139552680212,-0.253174395342913
HV,post,C018-HV,hard,0.898516748182418,-0.225633027146796
HV,post,C018-HV,head,0.345880640698178,-0.279095683056905
HV,post,C018-HV,heard,0.983537687795378,0.0676015401177412
HV,post,C018-HV,heed,-1.08247114479955,2.14454471820137
HV,post,C018-HV,hid,-1.20575150723834,1.16277594603391
HV,post,C018-HV,hoard,-1.13773475554797,-1.66264441479124
HV,post,C018-HV,hod,0.12907724468513,-0.990311014709567
HV,post,C018-HV,hood,-0.589349695044382,0.172906771455835
HV,post,C018-HV,hud,1.06005653344704,-0.251554314860788
HV,post,C018-HV,whod,-0.823157278980022,0.114583874099352
HV,post,C019-HV,had,1.26421098375279,0.206673915111166
HV,post,C019-HV,hard,1.31188434961251,-0.585630167622693
HV,post,C019-HV,head,0.453763764137528,1.12924420964586
HV,post,C019-HV,heard,-0.514005562814813,-0.714111910768724
HV,post,C019-HV,heed,-0.895392489692583,1.96437554009507
HV,post,C019-HV,hid,-0.881090479934666,0.950797344165264
HV,post,C019-HV,hoard,-0.466332196955092,-1.47251108906127
HV,post,C019-HV,hod,0.100980856775591,-0.828317904676307
HV,post,C019-HV,hood,-0.64272365063606,-0.0681342577289561
HV,post,C019-HV,hud,1.54071650573917,-0.153788753159644
HV,post,C019-HV,whod,-1.27201207998438,-0.428596925999766
HV,post,C02-HV,had,1.55264208889089,0.323850068213619
HV,post,C02-HV,hard,1.74032409963594,-0.854160990725586
HV,post,C02-HV,head,-0.721365529671258,0.620240671183899
HV,post,C02-HV,heard,0.116656471795022,-0.0631567700596777
HV,post,C02-HV,heed,-0.804294790233025,1.98137203896461
HV,post,C02-HV,hid,-0.913412238340613,1.21679755359542
HV,post,C02-HV,hoard,-0.769377206838597,-1.51112869667245
HV,post,C02-HV,hod,0.963407869109909,-0.65216229952928
HV,post,C02-HV,hood,0.011903721611737,0.046337847598133
HV,post,C02-HV,hud,-0.180142987057619,-0.402967652445987
HV,post,C02-HV,whod,-0.996341498902381,-0.705021770122706
HV,post,C020-HV,had,2.01536662948589,0.605691291711904
HV,post,C020-HV,hard,-0.367804409881175,-0.925103986028247
HV,post,C020-HV,head,0.451658057143713,1.05764037371138
HV,post,C020-HV,heard,1.40967697994576,0.481107087289762
HV,post,C020-HV,heed,-0.700339903746347,2.11395538354592
HV,post,C020-HV,hid,-1.41291596202886,0.147115390328274
HV,post,C020-HV,hoard,-0.431144503950732,-0.616294202726554
HV,post,C020-HV,hod,0.0280711780535536,-0.72364867674989
HV,post,C020-HV,hood,-0.609288518521359,-0.57123183091429
HV,post,C020-HV,hud,0.305184089607864,-1.27234932175805
HV,post,C020-HV,whod,-0.688463636108305,-0.296881508410211
HV,post,C021-HV,had,1.25855042053573,-0.449786980612444
HV,post,C021-HV,hard,0.648812274557771,-0.924574583527124
HV,post,C021-HV,head,0.88870925002451,0.538017876360697
HV,post,C021-HV,heard,1.46346242041357,-0.721094182277976
HV,post,C021-HV,heed,-0.600651139331493,1.96484711421079
HV,post,C021-HV,hid,-0.960496602531602,1.24341660069108
HV,post,C021-HV,hoard,-0.160840017642472,-0.785221339035283
HV,post,C021-HV,hod,0.573844469724415,-0.658200240073693
HV,post,C021-HV,hood,-1.18540001703167,-0.0378933199020454
HV,post,C021-HV,hud,-0.675618944164849,-0.996101027602583
HV,post,C021-HV,whod,-1.25037211455391,0.826590081768581
HV,post,C023-HV,had,2.10661844378612,-0.134899608301322
HV,post,C023-HV,hard,0.945032247757304,-0.861965978544266
HV,post,C023-HV,head,-0.149215618066943,0.726808682356981
HV,post,C023-HV,heard,-0.119755098602444,0.15706076649409
HV,post,C023-HV,heed,-1.2392548382534,1.67922310887405
HV,post,C023-HV,hid,-0.448029458349718,1.34190966614926
HV,post,C023-HV,hoard,-0.309144152302794,-1.23471150558889
HV,post,C023-HV,hod,-0.414360293247433,-1.10857328541029
HV,post,C023-HV,hood,-0.132381035515801,0.0861965978544265
HV,post,C023-HV,hud,1.01657922359966,0.41358905696967
HV,post,C023-HV,whod,-1.25608942080455,-1.0646375008537
HV,post,C024-HV,had,1.35255300760792,-0.0363463276789426
HV,post,C024-HV,hard,1.3278713833815,-0.187593949310671
HV,post,C024-HV,head,0.700958128030381,1.20763604868745
HV,post,C024-HV,heard,0.281370516181209,-0.907485729790373
HV,post,C024-HV,heed,-1.39204360637019,1.72469187147499
HV,post,C024-HV,hid,-1.09092779080785,1.467922653356
HV,post,C024-HV,hoard,-0.937901720604031,-0.908658191973565
HV,post,C024-HV,hod,0.266561541645356,-0.690580225899909
HV,post,C024-HV,hood,0.19251666896609,-0.365808201155809
HV,post,C024-HV,hud,0.50844145906429,-0.287253234881966
HV,post,C024-HV,whod,-1.20939958709467,-1.0165247128272
HV,post,C03-HV,had,-0.236970237172702,-0.476996141261135
HV,post,C03-HV,hard,1.44917961680148,-0.922065026922744
HV,post,C03-HV,head,-0.152884023982388,0.417996926996572
HV,post,C03-HV,heard,-0.0245419091129621,-0.277928966947034
HV,post,C03-HV,heed,-0.896383172191476,1.53309678961784
HV,post,C03-HV,hid,-0.750338696650405,1.30975313063129
HV,post,C03-HV,hoard,-0.294502909355548,-1.60828032699737
HV,post,C03-HV,hod,0.364910025663227,-1.0936188519414
HV,post,C03-HV,hood,-0.763615467154139,0.450365573226507
HV,post,C03-HV,hud,2.20152994534639,-0.111230438862868
HV,post,C03-HV,whod,-0.896383172191476,0.778907332460348
HV,post,C04-HV,had,2.18621201391718,-0.40738083179779
HV,post,C04-HV,hard,1.03728884727826,-0.77659633263669
HV,post,C04-HV,head,0.336340309833413,0.0949021845718819
HV,post,C04-HV,heard,-0.422581414918903,-0.0606556152739493
HV,post,C04-HV,heed,-0.854745174847306,2.46387879909153
HV,post,C04-HV,hid,-0.659744453904002,0.797723569417505
HV,post,C04-HV,hoard,-0.649203874393553,-0.8553123277394
HV,post,C04-HV,hod,-0.527987210023392,-1.20766011534201
HV,post,C04-HV,hood,-0.63339300512788,-0.0269201888013594
HV,post,C04-HV,hud,0.979315659970792,-0.411129212516967
HV,post,C04-HV,whod,-0.791501697784613,0.389150071027249
HV,post,C05-HV,had,0.785462544795648,-1.90732613067001
HV,post,C05-HV,hard,1.24653452584739,-0.557792497939809
HV,post,C05-HV,head,-0.111623157468059,0.6012664178585
HV,post,C05-HV,heard,1.25655782978329,-0.0208159023339492
HV,post,C05-HV,heed,-1.15905841877038,1.89608922764018
HV,post,C05-HV,hid,-0.908475820372692,0.206132696563622
HV,post,C05-HV,hoard,-0.773161217237943,-1.27713850337407
HV,post,C05-HV,hod,-0.733068001494314,0.02984226706283
HV,post,C05-HV,hood,-0.211856196827132,0.388502106392027
HV,post,C05-HV,hud,1.46704721243735,0.143316566511615
HV,post,C05-HV,whod,-0.858359300693156,0.49792375228907
HV,post,C06-HV,had,1.53237196224015,-0.0115279113831056
HV,post,C06-HV,hard,2.05334480017073,-0.238644971468175
HV,post,C06-HV,head,-0.348062541532967,0.688749690545857
HV,post,C06-HV,heard,0.0156936411641274,0.225052359538841
HV,post,C06-HV,heed,-0.841291263834112,2.05902261972577
HV,post,C06-HV,hid,-0.603924941226686,0.982109226489071
HV,post,C06-HV,hoard,-0.425129529392521,-1.4688623802623
HV,post,C06-HV,hod,-0.0028024359221655,-0.867002171036865
HV,post,C06-HV,hood,-0.344979862018585,-0.340847648506456
HV,post,C06-HV,hud,0.320878913087961,0.0603924909771662
HV,post,C06-HV,whod,-1.35609874273593,-1.08844130461981
HV,post,C07-HV,had,1.45627479199665,0.141027439253857
HV,post,C07-HV,hard,1.22735893869772,-0.86174777798213
HV,post,C07-HV,head,-0.130875124209289,1.11166242516818
HV,post,C07-HV,heard,1.04931327502077,0.265303000364299
HV,post,C07-HV,heed,-0.904102006463464,-0.289651660456471
HV,post,C07-HV,hid,-0.339442901659428,1.80160605753995
HV,post,C07-HV,hoard,-1.02110344259403,-1.17243668075824
HV,post,C07-HV,hod,-0.74640441863531,-1.71667793113845
HV,post,C07-HV,hood,-0.705708266937722,0.447430977853742
HV,post,C07-HV,hud,1.11035750256715,-0.00896030691391921
HV,post,C07-HV,whod,-0.995668347783037,0.282444457069188
HV,post,C08-HV,had,0.700672405170292,-0.936528308861175
HV,post,C08-HV,hard,0.433319703494809,-0.806108613539474
HV,post,C08-HV,head,0.639563216215896,0.393214770243592
HV,post,C08-HV,heard,1.4378019969327,0.18077856549278
HV,post,C08-HV,heed,-1.22044772258354,2.11556146825492
HV,post,C08-HV,hid,-0.800322048522063,1.46346299164642
HV,post,C08-HV,hoard,-0.884347183334357,-0.905604051207576
HV,post,C08-HV,hod,-0.743032183877316,-0.802075014715091
HV,post,C08-HV,hood,-0.242700699313198,-0.39737059933538
HV,post,C08-HV,hud,1.58293632069939,-0.136531208691978
HV,post,C08-HV,whod,-0.903443804882606,-0.168799999287038
HV,post,C09-HV,had,0.814345330487397,-0.20243646066231
HV,post,C09-HV,hard,1.05206736906152,-0.321625551731112
HV,post,C09-HV,head,-0.230190899611033,0.922592276987107
HV,post,C09-HV,heard,0.367716045893585,-1.54840107443926
HV,post,C09-HV,heed,-0.925347769986885,1.46766433980175
HV,post,C09-HV,hid,-1.04781063834325,1.21475090265575
HV,post,C09-HV,hoard,-0.601181353749441,-1.21409020924628
HV,post,C09-HV,hod,-0.107728031254666,-0.811463645513869
HV,post,C09-HV,hood,-0.449903692838634,0.877532986461097
HV,post,C09-HV,hud,2.12541839171439,-0.17336595064553
HV,post,C09-HV,whod,-0.997384751372984,-0.211157613667345
